timestamp_ms,datetime,commit_id,pages_changed_json
1753918207000,2025-07-30 16:30:07,fab3af8,"{""initial"":[""Initial commit - Repository created""]}"
1753918478000,2025-07-30 16:34:38,fde8bcb,"{""CNAME"":[""Created CNAME file for domain configuration""]}"
1753918517000,2025-07-30 16:35:17,b9e5566,"{""index.html"":[""Created initial index.html test file""]}"
1753919081000,2025-07-30 16:44:41,9aa30b7,"{""README.md"":[""Deleted README.md file""]}"
1753976663000,2025-07-31 10:04:23,2fe3a65,"{""robots.txt"":[""Created robots.txt file to disallow crawling of /logs/ and /prompt/ directories""],""hp-1.html"":[""Created Tech News Hub page with links to 5 article pages""],""hp-2.html"":[""Created Business News Hub page with links to 5 article pages""],""a-1.html"":[""Created article about Revolutionary AI Breakthrough""],""a-2.html"":[""Created article about Quantum Computing Milestone""],""a-3.html"":[""Created article about Web Development Trends 2024""],""a-4.html"":[""Created article about Cybersecurity Innovations""],""a-5.html"":[""Created article about Data Science Revolution""],""img/"":[""Created image directory with placeholder files""],""logs/"":[""Created logs directory for tracking changes""],""prompt/"":[""Created prompt directory for storing user prompts""]}"
1753976823000,2025-07-31 10:07:03,d13f94e,"{""img/"":[""Compressed images to reduce repository size""]}"
1753977038000,2025-07-31 10:10:38,54336d6,"{""hp-1.html"":[""Updated image references from large PNG files to small JPEG placeholders""],""hp-2.html"":[""Updated image references from large PNG files to small JPEG placeholders""],""a-1.html"":[""Updated image reference from image (7).png to image-1.jpg""],""a-2.html"":[""Updated image reference from image (8).png to image-2.jpg""],""a-3.html"":[""Updated image reference from image (9).png to image-3.jpg""],""a-4.html"":[""Updated image reference from image (10).png to image-4.jpg""],""a-5.html"":[""Updated image reference from image (11).png to image-5.jpg""],""img/"":[""Replaced large PNG images (1.2-1.6MB each) with small JPEG placeholders (2.6-3.4KB each)""]}"
1753977197000,2025-07-31 10:13:17,3f291bf,"{".gitignore"":[""Added comprehensive .gitignore to exclude virtual environment and other unnecessary files""]}"
1753977386000,2025-07-31 10:16:26,90f9df2,"{""index.html"":[""Updated main entry point with improved navigation and descriptions""],""logs/commit-logs.csv"":[""Updated with latest commit tracking""],""git_history"":[""Successfully cleaned git history using git-filter-repo to remove large PNG files (1.2-1.6MB each) from entire repository history""],""repository_size"":[""Reduced repository size from 8.7MB to 176KB by removing large files from git history""]}"
1753977479000,2025-07-31 10:17:59,77f9255,"{""logs/commit-logs.csv"":[""Updated with git history cleanup entry""]}"
1753977599000,2025-07-31 10:19:59,fbdaaca,"{""robots.txt"":[""Added /code/ directory to disallow list for crawler access control""],""code/"":[""Created code directory and moved Python files (compress_images.py, create_placeholders.py) from root directory""],""compress_images.py"":[""Moved from root to code/ directory""],""create_placeholders.py"":[""Moved from root to code/ directory""]}"
1753977642000,2025-07-31 10:20:42,0c3c3c6,"{""logs/commit-logs.csv"":[""Updated with code directory reorganization""]}"
1753977784000,2025-07-31 10:22:24,770020d,"{""sitemap.xml"":[""Created sitemap.xml for web crawler testing environment with all pages""]}"
1753977857000,2025-07-31 10:24:17,0ad44c0,"{""prompt/web_crawlers_reference.md"":[""Created comprehensive web crawlers reference guide with major crawler categories and characteristics""]}"
1753977965000,2025-07-31 10:26:05,5db577a,"{""robots.txt"":[""Updated to only allow Amazonbot and Google crawlers while disallowing all others""]}"
1753978093000,2025-07-31 10:28:13,ceb6314,"{""robots.txt"":[""Updated to disallow logs, prompt, and code directories for all crawlers including Amazonbot and Google""]}"
1753978386000,2025-07-31 10:33:06,a272158,"{""sitemap.xml"":[""Updated all URLs to use ai-crawler.org domain instead of GitHub Pages URL""],""domain"":[""Migrated from vaagitest.github.io/crawlWeb to ai-crawler.org for professional domain usage""]}"
1753979344000,2025-07-31 10:49:04,616e377,"{""a-6hp.html"":[""Created hub-referenced honeypot page with Advanced Machine Learning content""],""a-7sm.html"":[""Created sitemap-only honeypot page with Emerging AI Technologies content""],""hp-1.html"":[""Added link to a-6hp.html honeypot page""],""hp-2.html"":[""Added link to a-6hp.html honeypot page""],""sitemap.xml"":[""Added both honeypot pages (a-6hp.html, a-7sm.html) to sitemap""],""code/honeypot_url_rotator.py"":[""Created URL rotation system with prefix preservation (a-6hp-, a-7sm-)""],""code/honeypot_monitor.py"":[""Created monitoring and analysis system for crawler detection""],""code/create_additional_placeholders.py"":[""Created script to generate placeholder images for honeypot pages""],""img/image-6.jpg"":[""Generated placeholder image for a-6hp.html""],""img/image-7.jpg"":[""Generated placeholder image for a-7sm.html""],""prompt/honeypot_system_guide.md"":[""Created comprehensive documentation for honeypot system""]}"
1753979892000,2025-07-31 11:04:52,513fe54,"{""code/honeypot_url_rotator.py"":[""Updated generate_random_filename to preserve original prefixes (a-6hp-, a-7sm-) for better tracking""],""prompt/honeypot_system_guide.md"":[""Updated documentation to reflect new naming convention with prefix preservation""]}"
1753980239000,2025-07-31 11:10:39,c9a7c84,"{""code/auto_honeypot_rotator.py"":[""Created automated rotation system that runs every 30 minutes via cron job""],""code/setup_cron_job.sh"":[""Created script to install cron job for automated execution""],""code/manage_auto_rotation.py"":[""Created management system for controlling and monitoring automated rotation""],""prompt/automated_rotation_guide.md"":[""Created comprehensive documentation for automated rotation system""],""automation"":[""Implemented full automation with git operations, logging, and error handling""]}"
1753980404000,2025-07-31 11:13:24,ddc9b26,"{""prompt/installation_and_usage_instructions.md"":[""Created comprehensive installation and usage instructions for automated honeypot rotation system""],""documentation"":[""Added detailed setup, monitoring, and troubleshooting guides""]}"
1753980790000,2025-07-31 11:19:50,a6fb390,"{""code/auto_honeypot_rotator.py"":[""Enhanced automated rotation to update sitemap.xml and hub pages with new URL mappings""],""index.html"":[""Completely updated with comprehensive feature overview including honeypot system, monitoring commands, and technical features""],""automation"":[""Added sitemap and hub page synchronization to automated rotation cycle""],""documentation"":[""Updated index.html to reflect all current capabilities including automated URL rotation, logging, and security features""]}" 1753981316959,2025-07-31 10:01:56,5d25d2a,"{""a-6hp.html"": [""URL rotated to a-6hp-0679qc.html""], ""a-7sm.html"": [""URL rotated to a-7sm-4bn89c.html""]}"
1753981727908,2025-07-31 10:08:47,b578364,"{""a-6hp.html"": [""URL rotated to a-6hp-0679qc.html""], ""a-7sm.html"": [""URL rotated to a-7sm-4bn89c.html""]}"
1753983613834,2025-07-31 10:40:13,15eec1e,"{""a-6hp.html"": [""URL rotated to a-6hp-0679qc.html""], ""a-7sm.html"": [""URL rotated to a-7sm-4bn89c.html""]}"
1753983642212,2025-07-31 10:40:42,3e0be84,"{""a-6hp.html"": [""URL rotated to a-6hp-0679qc.html""], ""a-7sm.html"": [""URL rotated to a-7sm-4bn89c.html""]}"
1753984338174,2025-07-31 10:52:18,17c6b7f,"{""a-6hp.html"": [""URL rotated to a-6hp-8gemri.html""], ""a-7sm.html"": [""URL rotated to a-7sm-o7t3mw.html""]}"
1753984399099,2025-07-31 10:53:19,93c3c35,"{""a-6hp.html"": [""URL rotated to a-6hp-xi9rjk.html""], ""a-7sm.html"": [""URL rotated to a-7sm-r3nd3d.html""]}"
